Feature,Importance_Gain,Importance_Normalized
Watering_plant_pump_ON,56029.81640625,0.88526213
P,2521.36083984375,0.039837096
Water_pump_actuator_ON,1376.46728515625,0.021747962
N,929.8995361328125,0.014692264
K,767.2460327148438,0.012122365
tempreature,636.3538818359375,0.010054289
water_level,626.3377685546875,0.009896036
Fan_actuator_ON,404.2985534667969,0.006387852
